Epoch,MCRMSE
1,0.6452203989028931
2,0.6611740589141846
3,0.6593533754348755
4,0.6703028678894043
5,0.6766989231109619
6,0.6702178716659546
