Epoch,MSE Loss
1,0.7552781029592587
2,0.4308582642410375
3,0.4280916871149329
4,0.42412121952334536
5,0.38758591760562944
6,0.3541055187771592
