Epoch,MCRMSE
1,0.6831867694854736
2,0.672278642654419
3,0.6559257507324219
4,0.6582526564598083
5,0.6974999904632568
6,0.6640018224716187
7,0.6747767925262451
8,0.6925868988037109
