Epoch,MCRMSE
1,0.6595730781555176
2,0.7238368391990662
3,0.6686257719993591
4,0.6655725240707397
5,0.6997649669647217
6,0.6677712202072144
