Epoch,MSE Loss
1,0.7813985457148733
2,0.46114510712744317
3,0.4575459979757478
4,0.46164128674736504
5,0.4555945128579683
6,0.4635372463660904
