Epoch,MCRMSE
1,0.5990538001060486
2,0.5368599891662598
3,0.5486323833465576
4,0.603965699672699
5,0.5749375224113464
6,0.5869365334510803
7,0.6742894053459167
