Epoch,MSE Loss
1,1.3598386060587968
2,0.25327835071690474
3,0.2361449663397632
4,0.22573828904689114
5,0.21502528820611252
6,0.2079515349638613
7,0.20181079850166658
