Epoch,MSE Loss
1,0.7001817132098765
2,0.4468514085570468
3,0.44948757411558415
4,0.4439761442474172
5,0.4378403953359097
6,0.43920847660378565
7,0.436090250558491
8,0.4534255598164812
