Epoch,MSE Loss
1,0.6278191876562336
2,0.3093659247778639
3,0.24062475599820102
4,0.20515031112900264
5,0.15809738588861272
6,0.1349963140261324
7,0.12118740851366067
8,0.10763124631175512
9,0.09190841302087036
10,0.07675319919480553
11,0.06283955337314666
