Epoch,MSE Loss
1,0.8349001894268808
2,0.4416574254820618
3,0.4413825016987475
4,0.4507078362416618
5,0.4458049709283853
6,0.4508364079873773
