Epoch,MCRMSE
1,0.6554133892059326
2,0.7016924619674683
3,0.667632520198822
4,0.6666135787963867
5,0.7005341053009033
6,0.6667346954345703
