Epoch,MCRMSE
1,1.1869347095489502
2,1.051883339881897
3,1.1629228591918945
4,1.098217487335205
5,1.1336369514465332
6,1.1027121543884277
7,1.191512107849121
