Epoch,MSE Loss
1,1.5201961305699772
2,0.2778562578973891
3,0.25048573334005814
4,0.2309127798940562
5,0.22269648143762275
6,0.21049863043465192
7,0.2059712572188317
