Epoch,MSE Loss
1,1.0188407547111753
2,0.4258480935911589
3,0.426674545565738
4,0.4164168895045413
5,0.4031736994091469
6,0.38592608065544803
7,0.3579786289719087
