Epoch,MCRMSE
1,0.6451278924942017
2,0.6441702246665955
3,0.6493915915489197
4,0.6459240317344666
5,0.6484791040420532
6,0.6465091109275818
7,0.6499382853507996
