Epoch,MSE Loss
1,0.8233375636082662
2,0.4405107815054399
3,0.4436994791030884
4,0.44175063545190835
5,0.44113503453097763
6,0.43954935443552234
