Epoch,MCRMSE
1,0.6521740555763245
2,0.6735844612121582
3,0.6829403638839722
4,0.6623918414115906
5,0.6541659832000732
6,0.6894508600234985
