Epoch,MSE Loss
1,0.6686252710185473
2,0.4562732366066945
3,0.46057592200327524
4,0.4490922753569446
5,0.458430171390123
6,0.46228209062467646
7,0.45339257053182097
8,0.4463384366488155
