Epoch,MCRMSE
1,0.699699342250824
2,0.669957160949707
3,0.656520426273346
4,0.6573361754417419
5,0.7050759196281433
6,0.6642194390296936
7,0.6676003932952881
8,0.6789398193359375
